{"167165719":{"long_id":"$0200000017bff6090000000000000000","moderators":[],"settings":{"flood":"yes","lock_name":"yes","lock_member":"no","set_name":"G","lock_photo":"no"},"group_type":"Group","set_owner":102117869},"1060962801":{"long_id":"$05000000f1013d3fc118bbca7a22f84d","moderators":[],"settings":{"lock_spam":"yes","member":"no","lock_contacts":"no","strict":"no","flood":"yes","lock_link":"no","lock_arabic":"no","lock_tgservice":"yes","set_name":"Test","lock_sticker":"no","lock_rtl":"no","public":"no"},"group_type":"SuperGroup","set_owner":188724748},"1076272443":{"long_id":"$050000003b9d264084fcd5b9b660c0c3","moderators":[],"settings":{"lock_spam":"yes","member":"no","lock_contacts":"no","strict":"no","flood":"yes","lock_link":"no","lock_arabic":"no","lock_tgservice":"yes","set_name":"Bot","lock_sticker":"no","lock_rtl":"no","public":"no"},"group_type":"SuperGroup","set_owner":102117869},"1098665752":{"long_id":"$05000000184f7c413d00a2e13f8182d0","moderators":[],"settings":{"lock_spam":"yes","member":"no","lock_contacts":"no","strict":"no","flood":"yes","lock_link":"yes","lock_arabic":"no","lock_tgservice":"yes","set_name":"Suporter","lock_sticker":"no","lock_rtl":"no","public":"no"},"group_type":"SuperGroup","set_owner":"120250901"},"1073461162":{"long_id":"$05000000aab7fb3fff7a0e674225f543","moderators":{"217169261":"(at)mehditaji"},"settings":{"lock_spam":"yes","member":"no","lock_contacts":"no","strict":"no","lock_tgservice":"no","lock_arabic":"no","flood":"yes","lock_link":"no","public":"no","lock_sticker":"yes","set_name":"black hack","set_link":"https://telegram.me/joinchat/A_KXpj_7t6q4Xky3pcffqw","lock_rtl":"no","welcome":"✅"},"group_type":"SuperGroup","set_owner":"66230182"},"1099093461":{"long_id":"$05000000d5d5824148630cec98044670","moderators":{"110564436":"Hossein "},"settings":{"fosh":"yes","member":"no","lock_contacts":"no","strict":"no","lock_spam":"yes","flood":"yes","lock_link":"yes","lock_arabic":"no","lock_rtl":"no","set_name":"دوستانه","lock_sticker":"yes","lock_tgservice":"yes","public":"no"},"group_type":"SuperGroup","set_owner":"84147887"},"1065347900":{"long_id":"$050000003ceb7f3f9ecf31df57bdca81","moderators":[],"settings":{"lock_spam":"yes","member":"no","lock_contacts":"no","strict":"no","flood":"yes","lock_link":"no","lock_arabic":"no","lock_tgservice":"yes","set_name":"Hackers Team","lock_sticker":"no","lock_rtl":"no","public":"no"},"group_type":"SuperGroup","set_owner":66230182},"groups":{"167165719":167165719,"1060962801":1060962801,"1076272443":1076272443,"1098665752":1098665752,"1073461162":1073461162,"1065347900":1065347900,"1099093461":1099093461,"1055351734":1055351734,"1093246460":1093246460,"1061470610":1061470610},"1055351734":{"long_id":"$05000000b663e73ee6418ad67f59f4cd","moderators":[],"settings":{"lock_spam":"yes","member":"no","lock_contacts":"no","strict":"no","flood":"yes","lock_link":"no","lock_arabic":"no","lock_tgservice":"yes","set_name":"💞💞دورهمی 💞💞","lock_sticker":"no","lock_rtl":"no","public":"no"},"group_type":"SuperGroup","set_owner":159581743},"1093246460":{"long_id":"$05000000fc9d2941fc10a8ed9738f04b","moderators":[],"settings":{"lock_spam":"yes","member":"no","lock_contacts":"no","strict":"no","flood":"yes","lock_link":"no","lock_arabic":"no","lock_tgservice":"yes","set_name":"G","lock_sticker":"no","lock_rtl":"no","public":"no"},"group_type":"SuperGroup","set_owner":102117869},"1061470610":{"long_id":"$0500000092c1443fbdfbf017b80786a7","moderators":[],"settings":{"lock_spam":"yes","member":"no","lock_contacts":"no","strict":"no","flood":"yes","lock_link":"no","lock_arabic":"no","lock_tgservice":"yes","set_name":"KoroshHack'GP","lock_sticker":"no","lock_rtl":"no","public":"no"},"group_type":"SuperGroup","set_owner":93876817}}